id,nom,prenom,store_id,poste,departement,date_embauche,type_contrat,salaire_brut
1,"Roux","Maxime",1,"Stockiste",Logistique,2024-12-21,CDI,23365
2,"Robert","Chloe",1,"Assistant(e) RH",RH,2018-07-09,Stage,10992
3,"Legrand","Nicolas",1,"Stockiste",Logistique,2022-02-07,Alternance,15129
4,"Lambert","Clara",1,"Chef de Rayon",Management,2018-09-23,Alternance,13843
5,"Robert","Pauline",1,"Chef de Rayon",Management,2015-02-06,CDI,35049
6,"Martin","Pauline",1,"Caissier(e)",Caisse,2018-04-08,CDD,24545
7,"Martin","Florian",2,"Conseiller(e) Beaute",Vente,2016-01-10,CDI,23832
8,"Bonnet","Antoine",2,"Responsable Magasin",Direction,2011-01-27,CDI,43021
9,"Petit","Florian",2,"Chef de Rayon",Management,2017-02-28,CDI,38546
10,"Dupont","Julien",2,"Stockiste",Logistique,2020-06-15,CDI,24392
11,"Richard","Lucas",2,"Caissier(e)",Caisse,2021-03-17,CDI,22168
12,"Fournier","Clara",2,"Visual Merchandiser",Marketing,2016-08-14,CDD,31045
13,"Mercier","Thomas",2,"Caissier(e)",Caisse,2014-12-03,CDI,26905
14,"Roux","Jade",2,"Caissier(e)",Caisse,2023-06-08,CDD,29709
15,"Francois","Chloe",2,"Stockiste",Logistique,2010-01-02,CDI,21964
16,"Robert","Manon",2,"Responsable Magasin",Direction,2020-06-14,Stage,13980
17,"Mercier","Margaux",2,"Animateur(rice) Formation",Formation,2020-10-05,CDI,33247
18,"Legrand","Jade",2,"Conseiller(e) Beaute",Vente,2023-06-06,CDI,26695
19,"Durand","Quentin",2,"Assistant(e) RH",RH,2020-10-07,CDI,33384
20,"Garcia","Ines",3,"Visual Merchandiser",Marketing,2018-03-24,CDI,31384
21,"Andre","Chloe",3,"Visual Merchandiser",Marketing,2012-04-17,CDI,37602
22,"David","Dylan",3,"Caissier(e)",Caisse,2019-04-20,CDI,27261
23,"Bertrand","Maxime",3,"Directeur(rice) Magasin",Direction,2017-10-17,CDD,45196
24,"Robert","Laura",3,"Animateur(rice) Formation",Formation,2017-08-24,Alternance,15694
25,"Dupont","Pierre",3,"Caissier(e)",Caisse,2013-02-07,CDI,27063
26,"Thomas","Camille",3,"Conseiller(e) Beaute",Vente,2022-02-23,CDD,28721
27,"Michel","Mathieu",3,"Assistant(e) RH",RH,2011-07-27,CDI,29667
28,"Girard","Amandine",3,"Visual Merchandiser",Marketing,2023-05-06,Alternance,17838
29,"Michel","Kevin",3,"Caissier(e)",Caisse,2024-05-16,Stage,12531
30,"Mercier","Pauline",3,"Assistant(e) RH",RH,2011-04-04,CDI,36175
31,"Dupont","Jade",3,"Chef de Rayon",Management,2013-07-04,CDI,33705
32,"Martinez","Laura",3,"Conseiller(e) Beaute",Vente,2019-10-25,CDI,25085
33,"Simon","Julien",4,"Stockiste",Logistique,2016-04-24,CDD,21216
34,"Dupont","Margaux",4,"Directeur(rice) Magasin",Direction,2010-07-21,CDI,52391
35,"Girard","Dylan",4,"Chef de Rayon",Management,2016-09-19,CDI,31648
36,"Fournier","Nathan",4,"Conseiller(e) Beaute",Vente,2018-07-04,Alternance,16389
37,"Francois","Jade",4,"Conseiller(e) Beaute",Vente,2014-03-09,Alternance,16535
38,"Dubois","Julie",4,"Conseiller(e) Beaute",Vente,2018-03-25,CDD,22077
39,"Thomas","Quentin",4,"Chef de Rayon",Management,2020-11-22,CDD,38348
40,"Thomas","Manon",4,"Stockiste",Logistique,2017-06-10,CDI,28755
41,"Bernard","Lola",5,"Chef de Rayon",Management,2014-09-06,CDI,34708
42,"Laurent","Thomas",5,"Chef de Rayon",Management,2015-01-05,CDI,30144
43,"Martin","Mathieu",5,"Visual Merchandiser",Marketing,2023-12-24,CDI,34702
44,"Morel","Anais",5,"Caissier(e)",Caisse,2010-02-10,CDI,23605
45,"Michel","Anais",5,"Caissier(e)",Caisse,2023-05-09,CDI,28758
46,"Girard","Marie",5,"Chef de Rayon",Management,2023-12-02,CDI,32595
47,"Martinez","Anais",5,"Animateur(rice) Formation",Formation,2017-08-21,CDI,30923
48,"Moreau","Maxime",5,"Directeur(rice) Magasin",Direction,2020-03-28,CDD,48171
49,"Martin","Ines",5,"Chef de Rayon",Management,2022-11-21,Alternance,16716
50,"Leroy","Jade",5,"Responsable Magasin",Direction,2010-08-04,Stage,12291
51,"Dupont","Mathieu",5,"Caissier(e)",Caisse,2016-11-16,CDI,27413
52,"Robert","Thomas",5,"Caissier(e)",Caisse,2015-02-14,CDI,24117
53,"Dubois","Julie",6,"Chef de Rayon",Management,2021-05-01,CDI,33347
54,"Andre","Clara",6,"Conseiller(e) Beaute",Vente,2020-08-03,CDI,21509
55,"Roux","Quentin",6,"Assistant(e) RH",RH,2021-03-12,CDI,35323
56,"Fournier","Adrien",6,"Chef de Rayon",Management,2016-05-09,CDI,32181
57,"Dubois","Amandine",6,"Conseiller(e) Beaute",Vente,2024-07-10,CDI,22662
58,"Durand","Amandine",6,"Stockiste",Logistique,2015-12-05,CDI,22472
59,"Martinez","Manon",6,"Assistant(e) RH",RH,2021-07-26,CDI,26539
60,"Lambert","Louis",6,"Stockiste",Logistique,2024-01-24,CDI,27910
61,"Bernard","Antoine",6,"Chef de Rayon",Management,2024-06-28,CDI,39352
62,"Bertrand","Oceane",6,"Caissier(e)",Caisse,2015-07-22,CDI,22121
63,"Durand","Pierre",6,"Conseiller(e) Beaute",Vente,2024-02-04,CDD,21799
64,"Bonnet","Maxime",6,"Caissier(e)",Caisse,2014-11-07,CDD,22554
65,"Petit","Lea",6,"Chef de Rayon",Management,2022-09-12,CDI,30106
66,"Roux","Pierre",7,"Visual Merchandiser",Marketing,2023-08-11,CDI,33794
67,"Martinez","Thomas",7,"Stockiste",Logistique,2024-08-22,CDI,21800
68,"Petit","Pauline",7,"Conseiller(e) Beaute",Vente,2014-05-28,CDI,29503
69,"Bernard","Chloe",7,"Conseiller(e) Beaute",Vente,2019-06-20,CDI,24816
70,"Vincent","Camille",7,"Caissier(e)",Caisse,2024-01-07,CDD,22466
71,"Thomas","Lea",7,"Assistant(e) RH",RH,2012-08-08,CDD,29825
72,"David","Ines",7,"Conseiller(e) Beaute",Vente,2018-04-09,CDI,29466
73,"David","Lea",7,"Animateur(rice) Formation",Formation,2013-06-11,Alternance,17928
74,"Simon","Sarah",7,"Caissier(e)",Caisse,2023-11-13,CDI,21606
75,"Roux","Florian",7,"Responsable Magasin",Direction,2020-09-18,CDD,46988
76,"Bernard","Emma",7,"Animateur(rice) Formation",Formation,2023-10-18,CDI,26368
77,"Durand","Alexandre",8,"Responsable Magasin",Direction,2011-06-06,CDI,47635
78,"Bertrand","Amandine",8,"Conseiller(e) Beaute",Vente,2014-06-04,CDD,24904
79,"Durand","Laura",8,"Caissier(e)",Caisse,2021-04-06,CDD,24996
80,"Bertrand","Romain",8,"Caissier(e)",Caisse,2015-05-05,Stage,13831
81,"Thomas","Marie",8,"Conseiller(e) Beaute",Vente,2021-07-23,CDI,26806
82,"Lefebvre","Julien",8,"Conseiller(e) Beaute",Vente,2017-11-27,Alternance,17370
83,"Leroy","Lucas",8,"Conseiller(e) Beaute",Vente,2023-05-24,CDI,23257
84,"Dupont","Quentin",9,"Responsable Magasin",Direction,2017-05-16,CDI,38541
85,"Bernard","Amandine",9,"Chef de Rayon",Management,2023-05-26,Stage,13253
86,"Leroy","Laura",9,"Caissier(e)",Caisse,2012-10-04,CDI,24938
87,"Andre","Pauline",9,"Responsable Magasin",Direction,2021-08-02,Stage,10002
88,"Andre","Chloe",9,"Conseiller(e) Beaute",Vente,2014-08-16,CDD,22582
89,"Mercier","Agathe",10,"Conseiller(e) Beaute",Vente,2023-09-10,CDD,28760
90,"Girard","Clara",10,"Stockiste",Logistique,2013-09-15,Stage,9413
91,"Martin","Quentin",10,"Stockiste",Logistique,2015-11-12,CDI,29819
92,"Michel","Emma",10,"Responsable Magasin",Direction,2010-08-14,Stage,9504
93,"Bonnet","Maxime",10,"Responsable Magasin",Direction,2017-08-12,CDD,37145
94,"Dubois","Louis",10,"Assistant(e) RH",RH,2012-04-07,CDI,29644
95,"Robert","Nicolas",10,"Caissier(e)",Caisse,2016-12-15,CDI,24569
96,"Bonnet","Lola",10,"Conseiller(e) Beaute",Vente,2014-05-25,Alternance,13969
97,"Girard","Lea",10,"Conseiller(e) Beaute",Vente,2018-07-05,CDD,22279
98,"Mercier","Vincent",10,"Stockiste",Logistique,2024-11-22,CDI,25001
99,"Andre","Ines",10,"Assistant(e) RH",RH,2017-12-20,CDD,32969
100,"Michel","Nicolas",10,"Animateur(rice) Formation",Formation,2022-02-11,CDI,34637
101,"Andre","Quentin",10,"Conseiller(e) Beaute",Vente,2014-06-21,Alternance,14472
102,"Simon","Sarah",10,"Conseiller(e) Beaute",Vente,2012-11-14,CDI,29458
103,"Garcia","Oceane",11,"Animateur(rice) Formation",Formation,2011-06-17,Alternance,17518
104,"David","Chloe",11,"Conseiller(e) Beaute",Vente,2012-12-15,CDI,26274
105,"Laurent","Ines",11,"Visual Merchandiser",Marketing,2011-05-12,Alternance,13707
106,"Lambert","Oceane",11,"Conseiller(e) Beaute",Vente,2012-10-27,Stage,11095
107,"Lefebvre","Maxime",11,"Responsable Magasin",Direction,2020-02-09,CDD,41400
108,"Francois","Julie",11,"Assistant(e) RH",RH,2024-03-13,CDD,29941
109,"Leroy","Marie",11,"Stockiste",Logistique,2011-12-02,CDI,21353
110,"Leroy","Lucas",12,"Directeur(rice) Magasin",Direction,2024-03-23,CDI,48826
111,"Andre","Nathan",12,"Chef de Rayon",Management,2017-10-03,CDI,32965
112,"Lefebvre","Julien",12,"Caissier(e)",Caisse,2017-06-16,CDI,27785
113,"Francois","Antoine",12,"Conseiller(e) Beaute",Vente,2019-03-17,CDI,28997
114,"Bertrand","Margaux",12,"Stockiste",Logistique,2020-06-14,CDI,22729
115,"Dupont","Louis",12,"Conseiller(e) Beaute",Vente,2023-04-21,Alternance,12877
116,"Andre","Adrien",12,"Conseiller(e) Beaute",Vente,2019-05-18,CDD,26051
117,"Martin","Jade",12,"Stockiste",Logistique,2015-02-18,CDI,23380
118,"Simon","Romain",12,"Caissier(e)",Caisse,2021-11-22,CDI,21109
119,"Durand","Pierre",12,"Caissier(e)",Caisse,2013-01-14,CDI,23928
120,"Dupont","Charlotte",12,"Visual Merchandiser",Marketing,2019-01-26,CDI,26296
121,"Moreau","Pauline",13,"Caissier(e)",Caisse,2022-06-27,CDI,21686
122,"Bertrand","Lucas",13,"Conseiller(e) Beaute",Vente,2012-07-01,Alternance,16366
123,"Robert","Manon",13,"Directeur(rice) Magasin",Direction,2020-03-04,CDI,50522
124,"Lambert","Lea",13,"Chef de Rayon",Management,2024-07-13,CDI,34458
125,"Legrand","Quentin",13,"Animateur(rice) Formation",Formation,2021-03-18,CDD,28425
126,"Michel","Maxime",13,"Responsable Magasin",Direction,2019-12-07,CDI,49550
127,"Francois","Ines",13,"Chef de Rayon",Management,2024-12-19,Stage,13376
128,"Simon","Chloe",14,"Visual Merchandiser",Marketing,2012-05-18,CDI,36350
129,"Francois","Chloe",14,"Animateur(rice) Formation",Formation,2024-03-27,Alternance,17748
130,"Legrand","Chloe",14,"Caissier(e)",Caisse,2018-01-20,CDI,28750
131,"Bertrand","Vincent",14,"Conseiller(e) Beaute",Vente,2014-11-05,Stage,9892
132,"Dupont","Clara",14,"Stockiste",Logistique,2015-03-03,CDI,23576
133,"Lefebvre","Julie",14,"Conseiller(e) Beaute",Vente,2020-05-19,CDI,29518
134,"Martinez","Oceane",14,"Animateur(rice) Formation",Formation,2021-08-09,CDD,37006
135,"Lambert","Dylan",14,"Visual Merchandiser",Marketing,2018-01-18,CDI,28491
136,"Mercier","Lola",14,"Assistant(e) RH",RH,2020-03-19,CDI,30485
137,"Bonnet","Lea",14,"Visual Merchandiser",Marketing,2012-03-02,CDI,37958
138,"Dupont","Florian",14,"Responsable Magasin",Direction,2021-05-18,CDI,38021
139,"Martinez","Anais",14,"Conseiller(e) Beaute",Vente,2014-01-26,CDI,21968
140,"Lefebvre","Antoine",14,"Stockiste",Logistique,2012-02-06,CDI,22398
141,"Thomas","Anais",14,"Assistant(e) RH",RH,2017-11-15,CDD,35281
142,"Laurent","Ines",14,"Conseiller(e) Beaute",Vente,2011-01-02,Alternance,12992
143,"Roux","Antoine",15,"Assistant(e) RH",RH,2019-01-21,CDD,28028
144,"Dupont","Louis",15,"Conseiller(e) Beaute",Vente,2024-02-20,CDI,23467
145,"Leroy","Camille",15,"Caissier(e)",Caisse,2013-10-13,CDI,23677
146,"Girard","Amandine",15,"Conseiller(e) Beaute",Vente,2014-05-22,Stage,12585
147,"Leroy","Sarah",15,"Conseiller(e) Beaute",Vente,2013-03-15,CDD,28021
148,"Simon","Margaux",15,"Responsable Magasin",Direction,2018-01-06,Alternance,13075
149,"Martin","Vincent",15,"Caissier(e)",Caisse,2018-12-15,CDI,26295
150,"Laurent","Dylan",15,"Chef de Rayon",Management,2022-05-14,CDI,35120
151,"Martinez","Antoine",15,"Caissier(e)",Caisse,2013-11-26,CDI,25568
152,"Laurent","Lola",15,"Conseiller(e) Beaute",Vente,2020-11-23,CDD,26876
153,"Thomas","Jade",15,"Conseiller(e) Beaute",Vente,2012-11-28,Stage,8202
154,"Thomas","Ines",15,"Assistant(e) RH",RH,2013-03-05,Alternance,17684
155,"Garcia","Margaux",15,"Caissier(e)",Caisse,2010-03-06,CDI,24340
156,"Thomas","Nathan",15,"Conseiller(e) Beaute",Vente,2017-06-15,CDI,25094
157,"Roux","Ines",16,"Visual Merchandiser",Marketing,2024-01-13,Alternance,12704
158,"Dupont","Romain",16,"Animateur(rice) Formation",Formation,2023-12-21,Alternance,16104
159,"Andre","Camille",16,"Caissier(e)",Caisse,2020-01-26,CDD,23086
160,"Bonnet","Margaux",16,"Visual Merchandiser",Marketing,2017-11-12,CDI,30733
161,"Mercier","Dylan",16,"Conseiller(e) Beaute",Vente,2020-08-25,Alternance,15985
162,"Fournier","Margaux",16,"Caissier(e)",Caisse,2013-02-09,CDI,27792
163,"Lambert","Margaux",17,"Visual Merchandiser",Marketing,2012-05-20,CDI,35607
164,"Bertrand","Lucas",17,"Conseiller(e) Beaute",Vente,2018-10-09,CDD,27357
165,"Simon","Quentin",17,"Caissier(e)",Caisse,2010-12-03,Stage,13093
166,"Garcia","Anais",17,"Stockiste",Logistique,2020-10-01,CDD,29248
167,"Morel","Baptiste",17,"Conseiller(e) Beaute",Vente,2019-02-26,CDI,24730
168,"Roux","Mathieu",17,"Stockiste",Logistique,2015-09-17,CDI,24562
169,"Fournier","Julie",17,"Chef de Rayon",Management,2017-08-09,Stage,8338
170,"Francois","Jade",17,"Conseiller(e) Beaute",Vente,2023-09-05,CDD,29449
171,"David","Nathan",17,"Conseiller(e) Beaute",Vente,2023-05-11,CDI,21948
172,"Durand","Nathan",17,"Responsable Magasin",Direction,2016-01-04,CDI,36963
173,"Dupont","Amandine",17,"Stockiste",Logistique,2017-07-14,Stage,10644
174,"Lefebvre","Oceane",17,"Assistant(e) RH",RH,2012-09-16,CDD,30589
175,"Dubois","Julie",18,"Caissier(e)",Caisse,2020-11-20,CDI,29071
176,"Fournier","Emma",18,"Conseiller(e) Beaute",Vente,2014-10-22,CDD,28108
177,"Dubois","Nathan",18,"Caissier(e)",Caisse,2016-01-12,CDD,28654
178,"Francois","Camille",18,"Animateur(rice) Formation",Formation,2023-08-09,Stage,13507
179,"Dupont","Louis",18,"Chef de Rayon",Management,2024-01-28,Alternance,17804
180,"Lambert","Pauline",18,"Visual Merchandiser",Marketing,2015-12-14,Stage,13218
181,"Morel","Florian",18,"Animateur(rice) Formation",Formation,2010-04-20,CDI,37974
182,"Lefebvre","Romain",19,"Conseiller(e) Beaute",Vente,2019-08-23,CDI,23512
183,"Andre","Sarah",19,"Stockiste",Logistique,2012-05-28,Stage,11702
184,"Morel","Nathan",19,"Conseiller(e) Beaute",Vente,2017-11-02,CDI,22889
185,"Laurent","Ines",19,"Conseiller(e) Beaute",Vente,2010-09-15,CDI,26231
186,"Bertrand","Marie",19,"Animateur(rice) Formation",Formation,2019-12-22,Alternance,12343
187,"Francois","Quentin",19,"Conseiller(e) Beaute",Vente,2024-05-02,Stage,8657
188,"Richard","Camille",19,"Stockiste",Logistique,2018-05-12,CDD,25864
189,"Garcia","Julien",19,"Conseiller(e) Beaute",Vente,2016-06-28,CDD,27630
190,"Francois","Marie",19,"Chef de Rayon",Management,2024-09-18,CDI,39850
191,"Bernard","Baptiste",19,"Stockiste",Logistique,2021-07-01,CDI,22076
192,"Dubois","Lucas",19,"Animateur(rice) Formation",Formation,2022-05-09,CDD,36037
193,"Leroy","Emma",19,"Caissier(e)",Caisse,2022-06-21,Stage,11776
194,"Leroy","Oceane",19,"Responsable Magasin",Direction,2015-01-08,CDD,46813
195,"Robert","Thomas",20,"Animateur(rice) Formation",Formation,2019-03-04,CDD,29593
196,"Andre","Antoine",20,"Assistant(e) RH",RH,2012-10-24,CDI,31836
197,"Durand","Manon",20,"Chef de Rayon",Management,2010-05-01,Stage,11001
198,"Martinez","Anais",20,"Caissier(e)",Caisse,2024-05-02,CDI,29764
199,"Francois","Amandine",20,"Responsable Magasin",Direction,2015-09-03,CDI,40204
200,"Bonnet","Louis",20,"Directeur(rice) Magasin",Direction,2019-10-04,CDI,47931
201,"Michel","Oceane",20,"Assistant(e) RH",RH,2020-03-01,CDI,30650
202,"Bernard","Lucas",20,"Caissier(e)",Caisse,2011-08-22,CDI,29844
203,"Legrand","Lucas",20,"Chef de Rayon",Management,2018-01-13,Alternance,13769
204,"Dubois","Lucas",20,"Chef de Rayon",Management,2013-10-07,CDI,37474
205,"David","Maxime",20,"Directeur(rice) Magasin",Direction,2012-10-19,CDI,55749
206,"Richard","Pierre",20,"Conseiller(e) Beaute",Vente,2010-06-02,CDD,27756
207,"Bernard","Anais",20,"Stockiste",Logistique,2015-01-28,Alternance,16505
208,"Martinez","Chloe",20,"Conseiller(e) Beaute",Vente,2023-08-11,CDI,23482
209,"Simon","Manon",20,"Directeur(rice) Magasin",Direction,2012-12-06,CDI,46622
210,"Vincent","Ines",21,"Assistant(e) RH",RH,2020-09-09,Stage,8780
211,"Laurent","Sarah",21,"Directeur(rice) Magasin",Direction,2023-01-09,CDD,60368
212,"Morel","Pauline",21,"Conseiller(e) Beaute",Vente,2023-01-18,CDI,22634
213,"Mercier","Quentin",21,"Conseiller(e) Beaute",Vente,2010-07-18,CDD,29776
214,"Dupont","Dylan",21,"Chef de Rayon",Management,2016-04-03,CDI,37550
215,"Bernard","Lea",21,"Visual Merchandiser",Marketing,2022-02-23,CDD,30014
216,"Morel","Chloe",21,"Stockiste",Logistique,2018-05-18,CDI,23432
217,"Laurent","Jade",22,"Caissier(e)",Caisse,2015-04-07,Stage,11703
218,"Moreau","Pauline",22,"Responsable Magasin",Direction,2012-12-08,Alternance,12550
219,"Fournier","Hugo",22,"Assistant(e) RH",RH,2016-09-06,CDI,34935
220,"Bernard","Julien",22,"Conseiller(e) Beaute",Vente,2024-07-13,Stage,9038
221,"Lambert","Louis",22,"Chef de Rayon",Management,2017-06-08,Alternance,15051
222,"Lefebvre","Marie",23,"Assistant(e) RH",RH,2012-02-01,Stage,10327
223,"Martin","Kevin",23,"Chef de Rayon",Management,2016-05-27,Alternance,16032
224,"Bertrand","Charlotte",23,"Directeur(rice) Magasin",Direction,2020-04-11,CDD,57631
225,"Lefebvre","Charlotte",23,"Conseiller(e) Beaute",Vente,2024-04-15,Alternance,13372
226,"Roux","Anais",23,"Stockiste",Logistique,2024-08-04,CDD,29669
227,"Dubois","Adrien",23,"Responsable Magasin",Direction,2014-05-28,CDI,45963
228,"Laurent","Emma",23,"Animateur(rice) Formation",Formation,2022-06-08,CDI,26375
229,"Bertrand","Manon",23,"Visual Merchandiser",Marketing,2020-10-16,CDI,30914
230,"Girard","Louis",23,"Conseiller(e) Beaute",Vente,2014-08-15,CDI,22145
231,"Mercier","Louis",23,"Conseiller(e) Beaute",Vente,2014-02-06,CDI,21841
232,"Dubois","Laura",23,"Responsable Magasin",Direction,2021-05-11,Alternance,17027
233,"Roux","Emma",23,"Animateur(rice) Formation",Formation,2017-08-07,CDD,28713
234,"Moreau","Lucas",24,"Conseiller(e) Beaute",Vente,2013-01-10,CDI,26313
235,"Petit","Oceane",24,"Chef de Rayon",Management,2019-08-12,CDD,31446
236,"Durand","Nicolas",24,"Chef de Rayon",Management,2018-07-18,CDI,33033
237,"Andre","Oceane",24,"Responsable Magasin",Direction,2012-08-18,CDI,47300
238,"Dupont","Lola",24,"Conseiller(e) Beaute",Vente,2016-11-18,CDI,25024
239,"Simon","Nicolas",24,"Directeur(rice) Magasin",Direction,2018-05-08,CDD,49720
240,"Bonnet","Florian",24,"Responsable Magasin",Direction,2022-07-18,Stage,8155
241,"Lefebvre","Julie",25,"Visual Merchandiser",Marketing,2013-09-15,CDI,32706
242,"Robert","Florian",25,"Assistant(e) RH",RH,2010-12-04,CDD,37106
243,"Vincent","Hugo",25,"Conseiller(e) Beaute",Vente,2017-06-14,CDD,26172
244,"Leroy","Louis",25,"Directeur(rice) Magasin",Direction,2015-08-19,CDI,51853
245,"Dupont","Nathan",25,"Conseiller(e) Beaute",Vente,2010-12-08,CDI,25823
246,"Girard","Lea",25,"Conseiller(e) Beaute",Vente,2012-10-28,CDD,26925
247,"Richard","Emma",25,"Stockiste",Logistique,2020-02-20,Stage,8562
248,"Francois","Chloe",25,"Conseiller(e) Beaute",Vente,2022-03-27,Stage,10250
249,"Morel","Maxime",25,"Caissier(e)",Caisse,2022-04-11,CDI,28903
250,"Robert","Jade",25,"Stockiste",Logistique,2022-10-21,CDI,25663
251,"Lefebvre","Amandine",25,"Conseiller(e) Beaute",Vente,2017-04-04,CDI,22726
252,"Martin","Ines",25,"Directeur(rice) Magasin",Direction,2017-05-19,CDD,50204
253,"Moreau","Marie",25,"Stockiste",Logistique,2011-01-16,CDD,24472
254,"Bonnet","Julien",25,"Animateur(rice) Formation",Formation,2019-02-11,Alternance,16306
255,"Fournier","Kevin",25,"Stockiste",Logistique,2024-01-24,CDI,23614
256,"Garcia","Jade",26,"Stockiste",Logistique,2013-01-23,Alternance,16086
257,"Thomas","Maxime",26,"Chef de Rayon",Management,2011-04-23,CDI,38605
258,"Bernard","Antoine",26,"Responsable Magasin",Direction,2014-09-03,Alternance,12413
259,"Morel","Manon",26,"Conseiller(e) Beaute",Vente,2017-03-07,Stage,10399
260,"Bernard","Dylan",26,"Chef de Rayon",Management,2021-03-22,CDI,35207
261,"Lambert","Julien",26,"Visual Merchandiser",Marketing,2023-11-14,CDI,36623
262,"Garcia","Baptiste",26,"Assistant(e) RH",RH,2018-04-16,CDD,30558
263,"Lefebvre","Laura",26,"Stockiste",Logistique,2023-02-21,CDD,26593
264,"Martinez","Vincent",26,"Animateur(rice) Formation",Formation,2010-01-13,CDI,33340
265,"Martinez","Maxime",26,"Chef de Rayon",Management,2010-12-08,CDI,30649
266,"Girard","Emma",27,"Caissier(e)",Caisse,2011-02-01,CDI,29863
267,"Bonnet","Pauline",27,"Chef de Rayon",Management,2010-03-04,CDI,31443
268,"Francois","Pierre",27,"Caissier(e)",Caisse,2013-03-20,Stage,8560
269,"Thomas","Pauline",27,"Conseiller(e) Beaute",Vente,2021-07-27,CDI,28307
270,"Roux","Maxime",27,"Caissier(e)",Caisse,2021-04-17,CDD,26832
271,"Mercier","Louis",27,"Assistant(e) RH",RH,2019-12-02,CDD,27147
272,"Bertrand","Antoine",28,"Chef de Rayon",Management,2015-07-25,Alternance,16558
273,"Simon","Nicolas",28,"Chef de Rayon",Management,2016-06-01,CDD,35905
274,"Lefebvre","Oceane",28,"Visual Merchandiser",Marketing,2019-09-27,CDI,29551
275,"Bonnet","Nicolas",28,"Conseiller(e) Beaute",Vente,2022-06-02,CDD,27656
276,"Bonnet","Pierre",28,"Directeur(rice) Magasin",Direction,2018-01-07,Stage,13161
277,"Laurent","Romain",28,"Conseiller(e) Beaute",Vente,2014-11-02,CDI,28335
278,"Lefebvre","Chloe",28,"Conseiller(e) Beaute",Vente,2013-04-07,CDI,27511
279,"Legrand","Manon",28,"Conseiller(e) Beaute",Vente,2022-07-21,CDI,27188
280,"Robert","Baptiste",28,"Directeur(rice) Magasin",Direction,2019-10-10,CDD,48103
281,"Laurent","Adrien",28,"Responsable Magasin",Direction,2023-01-24,CDD,39515
282,"Dubois","Lucas",29,"Stockiste",Logistique,2014-12-23,CDD,22155
283,"Roux","Hugo",29,"Caissier(e)",Caisse,2014-04-03,Alternance,15549
284,"Roux","Alexandre",29,"Conseiller(e) Beaute",Vente,2013-03-28,Alternance,12595
285,"Vincent","Oceane",29,"Conseiller(e) Beaute",Vente,2014-09-27,CDI,23613
286,"Leroy","Pauline",29,"Chef de Rayon",Management,2024-11-20,CDI,36379
287,"Bernard","Chloe",29,"Assistant(e) RH",RH,2016-04-10,CDI,26303
288,"Mercier","Charlotte",29,"Assistant(e) RH",RH,2017-03-16,CDI,26744
289,"Andre","Nathan",29,"Stockiste",Logistique,2020-06-22,Stage,8428
290,"Roux","Clara",29,"Caissier(e)",Caisse,2021-05-08,CDD,28237
291,"Dubois","Romain",29,"Responsable Magasin",Direction,2022-10-25,Stage,13963
292,"Bernard","Adrien",29,"Conseiller(e) Beaute",Vente,2022-09-06,CDD,27693
293,"David","Lola",30,"Stockiste",Logistique,2015-07-20,CDI,21038
294,"Roux","Lola",30,"Caissier(e)",Caisse,2019-10-12,CDD,21538
295,"Francois","Anais",30,"Conseiller(e) Beaute",Vente,2017-09-08,CDD,27130
296,"Francois","Charlotte",30,"Chef de Rayon",Management,2014-05-20,CDI,39377
297,"Legrand","Alexandre",30,"Conseiller(e) Beaute",Vente,2016-02-22,CDI,23303
298,"Bernard","Charlotte",30,"Conseiller(e) Beaute",Vente,2013-10-08,CDI,23978
299,"Martin","Nathan",30,"Assistant(e) RH",RH,2016-09-04,Stage,8272
300,"Vincent","Laura",30,"Stockiste",Logistique,2022-08-10,CDD,21833
301,"Vincent","Nathan",30,"Visual Merchandiser",Marketing,2023-07-03,Stage,10336
302,"Dupont","Jade",30,"Stockiste",Logistique,2017-06-20,CDI,25320
303,"Michel","Lea",30,"Animateur(rice) Formation",Formation,2021-08-26,CDI,29365
304,"Leroy","Romain",30,"Conseiller(e) Beaute",Vente,2020-07-24,CDI,29466
305,"Vincent","Lola",31,"Conseiller(e) Beaute",Vente,2022-03-14,CDI,21340
306,"Martin","Romain",31,"Stockiste",Logistique,2016-04-07,Stage,9670
307,"Michel","Laura",31,"Directeur(rice) Magasin",Direction,2014-09-06,CDD,64602
308,"Fournier","Alexandre",31,"Stockiste",Logistique,2016-12-12,CDI,22560
309,"Bernard","Amandine",31,"Conseiller(e) Beaute",Vente,2017-12-17,Alternance,13033
310,"David","Jade",31,"Assistant(e) RH",RH,2017-12-24,CDI,36465
311,"Bonnet","Julie",31,"Chef de Rayon",Management,2018-01-04,CDI,33670
312,"Roux","Florian",31,"Conseiller(e) Beaute",Vente,2014-12-01,CDI,22613
313,"Andre","Margaux",31,"Visual Merchandiser",Marketing,2019-05-27,CDI,33365
314,"Simon","Julie",31,"Directeur(rice) Magasin",Direction,2011-02-11,CDI,52807
315,"Fournier","Anais",31,"Stockiste",Logistique,2010-10-04,Alternance,15498
316,"Simon","Vincent",31,"Conseiller(e) Beaute",Vente,2010-09-21,CDI,28196
317,"Lefebvre","Lucas",31,"Visual Merchandiser",Marketing,2019-03-24,CDI,29431
318,"Durand","Lola",31,"Conseiller(e) Beaute",Vente,2024-10-03,Alternance,14327
319,"David","Alexandre",32,"Chef de Rayon",Management,2012-04-08,Stage,12714
320,"Mercier","Agathe",32,"Conseiller(e) Beaute",Vente,2014-01-05,CDI,22414
321,"Dubois","Julie",32,"Responsable Magasin",Direction,2016-03-17,CDI,38080
322,"Richard","Adrien",32,"Directeur(rice) Magasin",Direction,2020-01-05,CDD,45747
323,"Martinez","Manon",32,"Directeur(rice) Magasin",Direction,2011-12-16,CDI,44065
324,"Durand","Pierre",32,"Conseiller(e) Beaute",Vente,2020-07-21,CDI,27306
325,"Durand","Emma",32,"Animateur(rice) Formation",Formation,2014-01-10,CDI,28739
326,"Robert","Mathieu",32,"Caissier(e)",Caisse,2014-11-04,CDI,28494
327,"Laurent","Vincent",32,"Chef de Rayon",Management,2016-04-08,CDI,33616
328,"Thomas","Camille",32,"Conseiller(e) Beaute",Vente,2015-03-01,CDD,26521
329,"Francois","Clara",32,"Responsable Magasin",Direction,2023-07-23,CDI,41889
330,"Morel","Marie",32,"Chef de Rayon",Management,2018-11-25,CDD,30831
331,"Simon","Hugo",32,"Conseiller(e) Beaute",Vente,2019-06-23,CDD,21183
332,"Morel","Clara",32,"Caissier(e)",Caisse,2014-10-06,CDI,22476
333,"Thomas","Camille",33,"Caissier(e)",Caisse,2014-02-24,Stage,9239
334,"Garcia","Florian",33,"Conseiller(e) Beaute",Vente,2011-06-11,CDI,24437
335,"Richard","Margaux",33,"Conseiller(e) Beaute",Vente,2021-02-19,CDD,28969
336,"Durand","Margaux",33,"Conseiller(e) Beaute",Vente,2010-08-09,Stage,11879
337,"Thomas","Vincent",33,"Chef de Rayon",Management,2020-07-25,Stage,10561
338,"Bertrand","Chloe",33,"Visual Merchandiser",Marketing,2024-11-23,CDI,26347
339,"David","Sarah",34,"Stockiste",Logistique,2019-11-11,CDI,25387
340,"Roux","Dylan",34,"Visual Merchandiser",Marketing,2019-10-24,CDI,31784
341,"Mercier","Oceane",34,"Responsable Magasin",Direction,2011-09-02,Alternance,13439
342,"Lambert","Camille",34,"Conseiller(e) Beaute",Vente,2013-03-24,CDI,26022
343,"Dupont","Clara",34,"Conseiller(e) Beaute",Vente,2023-06-02,CDD,29875
344,"Durand","Nathan",34,"Animateur(rice) Formation",Formation,2024-07-28,CDI,32584
345,"Bonnet","Anais",34,"Stockiste",Logistique,2020-02-28,CDI,23693
346,"Bernard","Amandine",35,"Stockiste",Logistique,2020-10-10,CDI,25433
347,"Martinez","Nicolas",35,"Assistant(e) RH",RH,2016-07-06,Alternance,12051
348,"Dupont","Nicolas",35,"Chef de Rayon",Management,2015-01-05,Stage,8322
349,"Vincent","Camille",35,"Conseiller(e) Beaute",Vente,2019-11-11,Alternance,12329
350,"Richard","Amandine",35,"Caissier(e)",Caisse,2016-11-17,CDI,29680
351,"Thomas","Romain",35,"Caissier(e)",Caisse,2011-12-21,CDI,29089
352,"Fournier","Marie",35,"Visual Merchandiser",Marketing,2010-02-16,CDI,31447
353,"Bernard","Lea",35,"Stockiste",Logistique,2022-06-12,CDI,28361
354,"Thomas","Oceane",35,"Assistant(e) RH",RH,2010-12-14,Stage,13425
355,"Legrand","Nicolas",35,"Responsable Magasin",Direction,2023-06-23,CDD,37629
356,"Petit","Sarah",35,"Chef de Rayon",Management,2013-09-08,CDI,39654
357,"Roux","Lucas",35,"Directeur(rice) Magasin",Direction,2016-02-01,CDI,58747
358,"Richard","Margaux",35,"Conseiller(e) Beaute",Vente,2021-11-13,Stage,11496
359,"Bertrand","Alexandre",35,"Responsable Magasin",Direction,2018-11-19,CDI,48545
360,"Durand","Anais",35,"Caissier(e)",Caisse,2012-05-06,Alternance,13099
361,"David","Emma",36,"Responsable Magasin",Direction,2015-11-25,Stage,13327
362,"Bernard","Nathan",36,"Responsable Magasin",Direction,2015-08-10,CDI,43980
363,"Dubois","Romain",36,"Visual Merchandiser",Marketing,2011-11-12,CDD,34001
364,"Vincent","Amandine",36,"Chef de Rayon",Management,2021-01-09,CDI,32595
365,"Bertrand","Hugo",36,"Visual Merchandiser",Marketing,2021-09-07,CDI,32179
366,"Martinez","Antoine",36,"Conseiller(e) Beaute",Vente,2012-05-07,CDI,24230
367,"Robert","Alexandre",36,"Caissier(e)",Caisse,2022-11-12,CDI,21999
368,"Richard","Manon",36,"Directeur(rice) Magasin",Direction,2018-02-02,CDI,59671
369,"Dubois","Anais",36,"Caissier(e)",Caisse,2014-04-03,CDI,22924
370,"Petit","Quentin",36,"Conseiller(e) Beaute",Vente,2017-02-09,Alternance,16568
371,"Lambert","Anais",36,"Conseiller(e) Beaute",Vente,2020-02-18,CDI,26382
372,"Dubois","Hugo",36,"Chef de Rayon",Management,2020-06-04,CDI,34479
373,"Martinez","Agathe",37,"Stockiste",Logistique,2016-04-15,CDI,28284
374,"Richard","Kevin",37,"Stockiste",Logistique,2012-04-10,Stage,11098
375,"Richard","Lea",37,"Conseiller(e) Beaute",Vente,2021-05-26,CDD,23972
376,"Michel","Manon",37,"Caissier(e)",Caisse,2013-10-13,CDD,27547
377,"Girard","Manon",37,"Chef de Rayon",Management,2017-12-27,CDI,31079
378,"Fournier","Laura",38,"Chef de Rayon",Management,2016-02-13,CDI,34410
379,"Vincent","Lucas",38,"Caissier(e)",Caisse,2011-02-10,CDI,29584
380,"Roux","Ines",38,"Conseiller(e) Beaute",Vente,2013-09-05,CDI,27265
381,"Andre","Mathieu",38,"Chef de Rayon",Management,2014-11-22,CDI,30698
382,"Legrand","Alexandre",38,"Conseiller(e) Beaute",Vente,2017-01-25,CDD,29086
383,"Dubois","Pauline",38,"Responsable Magasin",Direction,2010-12-21,CDD,40583
384,"Girard","Oceane",38,"Caissier(e)",Caisse,2022-01-03,CDI,24542
385,"Roux","Emma",38,"Stockiste",Logistique,2020-04-04,CDI,25224
386,"Thomas","Baptiste",38,"Conseiller(e) Beaute",Vente,2020-04-24,CDD,24751
387,"Leroy","Oceane",38,"Responsable Magasin",Direction,2022-01-16,Stage,10436
388,"Leroy","Vincent",39,"Conseiller(e) Beaute",Vente,2010-07-03,CDI,24868
389,"Martinez","Maxime",39,"Visual Merchandiser",Marketing,2013-03-20,CDI,31349
390,"Roux","Sarah",39,"Conseiller(e) Beaute",Vente,2015-08-26,CDD,27969
391,"Moreau","Baptiste",39,"Conseiller(e) Beaute",Vente,2016-06-20,Alternance,17224
392,"Francois","Lucas",39,"Animateur(rice) Formation",Formation,2020-03-11,CDI,32902
393,"Lambert","Lola",39,"Caissier(e)",Caisse,2012-05-10,Stage,8515
394,"Dupont","Hugo",39,"Conseiller(e) Beaute",Vente,2017-02-27,CDI,28630
395,"Mercier","Charlotte",39,"Chef de Rayon",Management,2011-10-12,CDI,34610
396,"Laurent","Maxime",39,"Stockiste",Logistique,2021-09-25,CDI,24790
397,"Leroy","Charlotte",39,"Conseiller(e) Beaute",Vente,2010-04-10,Stage,8290
398,"Bonnet","Nathan",39,"Assistant(e) RH",RH,2011-12-10,CDD,30984
399,"Martinez","Romain",40,"Assistant(e) RH",RH,2023-10-06,CDI,31262
400,"Durand","Margaux",40,"Conseiller(e) Beaute",Vente,2022-10-27,CDI,26359
401,"Francois","Hugo",40,"Directeur(rice) Magasin",Direction,2017-02-06,CDI,62861
402,"Petit","Dylan",40,"Assistant(e) RH",RH,2022-08-15,CDI,27294
403,"Robert","Quentin",40,"Conseiller(e) Beaute",Vente,2022-09-17,CDI,22908
404,"Lefebvre","Laura",40,"Stockiste",Logistique,2015-09-13,CDI,26619
405,"Simon","Charlotte",40,"Caissier(e)",Caisse,2017-02-13,Stage,12368
406,"Robert","Mathieu",40,"Assistant(e) RH",RH,2010-01-17,CDD,37515
407,"David","Manon",40,"Animateur(rice) Formation",Formation,2016-05-23,CDI,35768
408,"Vincent","Thomas",40,"Conseiller(e) Beaute",Vente,2021-09-22,Alternance,15769
409,"Francois","Dylan",40,"Assistant(e) RH",RH,2010-09-24,CDI,36337
410,"Leroy","Kevin",41,"Chef de Rayon",Management,2020-07-23,Stage,12071
411,"Durand","Quentin",41,"Caissier(e)",Caisse,2015-11-06,CDI,27385
412,"Fournier","Charlotte",41,"Visual Merchandiser",Marketing,2010-12-27,CDI,29057
413,"Martin","Baptiste",41,"Caissier(e)",Caisse,2024-05-26,CDI,26638
414,"Martin","Quentin",41,"Stockiste",Logistique,2013-12-17,Stage,10908
415,"Mercier","Camille",41,"Conseiller(e) Beaute",Vente,2018-10-01,CDD,29764
416,"Thomas","Margaux",41,"Animateur(rice) Formation",Formation,2023-01-14,CDI,34912
417,"Roux","Manon",41,"Assistant(e) RH",RH,2014-08-15,CDI,31638
418,"Bertrand","Thomas",42,"Caissier(e)",Caisse,2020-07-04,CDI,25403
419,"Robert","Agathe",42,"Responsable Magasin",Direction,2013-08-27,CDI,36139
420,"Fournier","Adrien",42,"Conseiller(e) Beaute",Vente,2023-06-24,CDI,27258
421,"Andre","Adrien",42,"Caissier(e)",Caisse,2023-05-22,CDI,27861
422,"Morel","Lucas",42,"Directeur(rice) Magasin",Direction,2018-05-15,CDI,50773
423,"Garcia","Marie",42,"Animateur(rice) Formation",Formation,2011-03-27,CDI,26748
424,"Morel","Lucas",42,"Chef de Rayon",Management,2020-01-24,CDD,35488
425,"Martin","Marie",42,"Caissier(e)",Caisse,2014-01-20,Alternance,15325
426,"Vincent","Nicolas",42,"Stockiste",Logistique,2024-10-21,CDI,24070
427,"Dupont","Jade",42,"Chef de Rayon",Management,2017-03-08,CDI,39688
428,"Bonnet","Emma",42,"Stockiste",Logistique,2024-06-21,CDD,23336
429,"Vincent","Camille",42,"Stockiste",Logistique,2024-10-12,Stage,10012
430,"Robert","Mathieu",43,"Directeur(rice) Magasin",Direction,2018-04-05,CDI,42874
431,"Vincent","Quentin",43,"Stockiste",Logistique,2019-07-24,CDI,28421
432,"Dubois","Ines",43,"Conseiller(e) Beaute",Vente,2024-06-20,CDI,24893
433,"Mercier","Antoine",43,"Caissier(e)",Caisse,2019-09-07,CDI,26262
434,"Michel","Quentin",43,"Directeur(rice) Magasin",Direction,2014-06-06,CDD,48198
435,"Petit","Nicolas",43,"Responsable Magasin",Direction,2014-11-17,Alternance,14791
436,"Fournier","Kevin",43,"Conseiller(e) Beaute",Vente,2015-09-08,CDD,23999
437,"Garcia","Quentin",43,"Conseiller(e) Beaute",Vente,2015-01-17,CDD,22977
438,"Martin","Manon",43,"Assistant(e) RH",RH,2020-03-26,Alternance,16252
439,"Mercier","Charlotte",43,"Directeur(rice) Magasin",Direction,2013-06-13,CDI,56252
440,"Leroy","Camille",43,"Responsable Magasin",Direction,2019-08-01,Stage,8779
441,"Thomas","Florian",43,"Conseiller(e) Beaute",Vente,2021-02-22,CDI,25862
442,"Petit","Ines",43,"Conseiller(e) Beaute",Vente,2023-04-11,Stage,9350
443,"Girard","Maxime",43,"Directeur(rice) Magasin",Direction,2012-12-08,CDD,45857
444,"Garcia","Thomas",44,"Visual Merchandiser",Marketing,2012-10-10,Stage,13049
445,"Fournier","Nicolas",44,"Conseiller(e) Beaute",Vente,2013-06-14,CDI,28560
446,"Andre","Nathan",44,"Stockiste",Logistique,2018-09-27,CDI,26518
447,"Andre","Amandine",44,"Chef de Rayon",Management,2012-04-20,CDI,34507
448,"Simon","Lucas",44,"Caissier(e)",Caisse,2011-05-15,CDI,24763
449,"Dubois","Margaux",44,"Stockiste",Logistique,2021-05-28,Alternance,16676
450,"Martinez","Quentin",44,"Responsable Magasin",Direction,2012-05-07,CDI,49493
451,"Dubois","Mathieu",45,"Conseiller(e) Beaute",Vente,2010-11-19,CDI,21221
452,"Simon","Antoine",45,"Caissier(e)",Caisse,2015-04-19,CDD,27773
453,"Petit","Anais",45,"Conseiller(e) Beaute",Vente,2023-09-06,CDI,21150
454,"Morel","Lea",45,"Directeur(rice) Magasin",Direction,2010-05-24,CDD,48347
455,"Leroy","Oceane",45,"Conseiller(e) Beaute",Vente,2024-02-04,Alternance,13166
456,"Bernard","Maxime",46,"Caissier(e)",Caisse,2013-07-26,Stage,13466
457,"Dupont","Pauline",46,"Conseiller(e) Beaute",Vente,2014-02-14,Alternance,14990
458,"Laurent","Anais",46,"Directeur(rice) Magasin",Direction,2020-01-03,Stage,13253
459,"Morel","Dylan",46,"Visual Merchandiser",Marketing,2014-06-16,Stage,13600
460,"Morel","Oceane",46,"Chef de Rayon",Management,2013-04-12,CDD,35486
461,"Mercier","Vincent",46,"Directeur(rice) Magasin",Direction,2020-12-05,Stage,13065
462,"Fournier","Nicolas",46,"Conseiller(e) Beaute",Vente,2014-02-17,CDI,29023
463,"Thomas","Oceane",46,"Chef de Rayon",Management,2016-05-19,CDI,33948
464,"Moreau","Louis",46,"Conseiller(e) Beaute",Vente,2019-03-22,CDD,28414
465,"Simon","Emma",46,"Conseiller(e) Beaute",Vente,2011-02-10,CDI,22048
466,"Garcia","Thomas",46,"Conseiller(e) Beaute",Vente,2017-12-15,CDD,22105
467,"Dubois","Maxime",46,"Conseiller(e) Beaute",Vente,2010-05-01,CDI,27692
468,"Vincent","Sarah",46,"Visual Merchandiser",Marketing,2023-12-27,CDD,32758
469,"Bertrand","Baptiste",46,"Stockiste",Logistique,2014-08-09,CDI,24283
470,"Richard","Agathe",46,"Chef de Rayon",Management,2010-11-02,CDI,34735
471,"Durand","Ines",47,"Caissier(e)",Caisse,2018-08-13,CDI,23105
472,"Leroy","Chloe",47,"Animateur(rice) Formation",Formation,2015-04-13,CDD,27646
473,"Leroy","Clara",47,"Assistant(e) RH",RH,2013-01-15,CDI,32326
474,"Andre","Emma",47,"Stockiste",Logistique,2011-07-14,Stage,13145
475,"Bertrand","Kevin",47,"Stockiste",Logistique,2018-12-26,CDI,27989
476,"Martinez","Nathan",47,"Conseiller(e) Beaute",Vente,2015-06-22,CDI,21746
477,"Lefebvre","Vincent",47,"Conseiller(e) Beaute",Vente,2024-01-08,CDD,26381
478,"Simon","Louis",47,"Conseiller(e) Beaute",Vente,2019-07-07,CDI,28382
479,"Dubois","Nathan",47,"Visual Merchandiser",Marketing,2015-08-16,CDD,29882
480,"Garcia","Chloe",48,"Conseiller(e) Beaute",Vente,2021-07-27,CDI,23464
481,"Bernard","Camille",48,"Chef de Rayon",Management,2020-01-05,CDI,36437
482,"Martin","Quentin",48,"Visual Merchandiser",Marketing,2011-02-10,Stage,12801
483,"Roux","Ines",48,"Stockiste",Logistique,2012-11-11,CDI,28792
484,"Leroy","Margaux",48,"Caissier(e)",Caisse,2017-12-05,CDI,21488
485,"Martin","Julien",48,"Conseiller(e) Beaute",Vente,2017-11-02,CDI,25470
486,"Petit","Emma",48,"Animateur(rice) Formation",Formation,2021-06-05,Stage,13698
487,"Petit","Nathan",48,"Stockiste",Logistique,2016-09-16,Stage,13622
488,"Dubois","Dylan",48,"Animateur(rice) Formation",Formation,2020-09-04,CDI,36655
489,"Simon","Nicolas",48,"Stockiste",Logistique,2019-01-27,CDD,26849
490,"Simon","Pauline",48,"Conseiller(e) Beaute",Vente,2024-05-21,CDI,26918
491,"Bonnet","Kevin",48,"Directeur(rice) Magasin",Direction,2011-08-13,CDI,54713
492,"Garcia","Romain",49,"Conseiller(e) Beaute",Vente,2012-11-21,CDD,21309
493,"Martinez","Charlotte",49,"Conseiller(e) Beaute",Vente,2012-01-27,CDI,21800
494,"Bertrand","Louis",49,"Caissier(e)",Caisse,2020-12-14,CDI,24728
495,"Mercier","Margaux",49,"Stockiste",Logistique,2024-04-24,CDD,24571
496,"Andre","Agathe",49,"Stockiste",Logistique,2019-07-25,CDI,29883
497,"Mercier","Lola",49,"Assistant(e) RH",RH,2021-04-15,CDI,29783
498,"Girard","Thomas",49,"Conseiller(e) Beaute",Vente,2014-09-03,CDI,22426
499,"Martin","Margaux",49,"Caissier(e)",Caisse,2020-01-18,Stage,11645
500,"Laurent","Julie",50,"Assistant(e) RH",RH,2019-02-14,CDI,26751
501,"Simon","Florian",50,"Caissier(e)",Caisse,2018-06-08,Alternance,15394
502,"Richard","Chloe",50,"Conseiller(e) Beaute",Vente,2018-10-26,CDI,25294
503,"Roux","Anais",50,"Assistant(e) RH",RH,2023-02-20,Alternance,13769
504,"Dubois","Sarah",50,"Caissier(e)",Caisse,2017-11-25,CDD,23220
505,"Durand","Laura",50,"Stockiste",Logistique,2015-05-04,CDI,26291
506,"Francois","Pierre",50,"Conseiller(e) Beaute",Vente,2016-03-27,CDI,25121
507,"Martin","Lola",51,"Conseiller(e) Beaute",Vente,2022-05-10,CDD,23336
508,"Thomas","Baptiste",51,"Chef de Rayon",Management,2019-12-18,CDI,32459
509,"Martin","Maxime",51,"Responsable Magasin",Direction,2019-07-09,CDD,42601
510,"Moreau","Nathan",51,"Conseiller(e) Beaute",Vente,2022-07-04,CDI,21969
511,"Legrand","Alexandre",51,"Directeur(rice) Magasin",Direction,2012-11-23,CDI,48741
512,"Andre","Anais",51,"Stockiste",Logistique,2018-02-21,CDI,22090
513,"Girard","Oceane",51,"Responsable Magasin",Direction,2011-12-21,Stage,9871
514,"Bertrand","Lola",51,"Visual Merchandiser",Marketing,2022-08-21,CDI,27489
515,"Lefebvre","Thomas",51,"Conseiller(e) Beaute",Vente,2021-05-28,CDI,24993
516,"Michel","Charlotte",51,"Visual Merchandiser",Marketing,2021-06-14,CDI,30297
517,"Lefebvre","Kevin",52,"Assistant(e) RH",RH,2024-08-21,Stage,9979
518,"Dupont","Quentin",52,"Animateur(rice) Formation",Formation,2023-07-04,Stage,12276
519,"Martin","Jade",52,"Visual Merchandiser",Marketing,2020-10-08,CDI,35030
520,"Simon","Oceane",52,"Assistant(e) RH",RH,2012-04-16,CDI,36168
521,"Girard","Manon",52,"Conseiller(e) Beaute",Vente,2013-08-09,Stage,8471
522,"Andre","Anais",52,"Stockiste",Logistique,2021-02-05,CDI,29891
523,"Andre","Nathan",52,"Conseiller(e) Beaute",Vente,2021-07-21,CDI,27439
524,"Dubois","Nicolas",52,"Responsable Magasin",Direction,2016-07-12,CDI,44066
525,"Girard","Romain",52,"Caissier(e)",Caisse,2020-05-12,CDI,24080
526,"Bernard","Chloe",52,"Caissier(e)",Caisse,2017-12-03,Alternance,17513
527,"Robert","Romain",53,"Visual Merchandiser",Marketing,2024-03-10,CDD,32707
528,"Legrand","Clara",53,"Chef de Rayon",Management,2011-10-06,Alternance,12088
529,"Legrand","Pierre",53,"Caissier(e)",Caisse,2017-11-12,CDI,28701
530,"Martin","Ines",53,"Animateur(rice) Formation",Formation,2012-02-20,CDD,36529
531,"Thomas","Julie",53,"Caissier(e)",Caisse,2017-07-06,CDI,29873
532,"Martin","Amandine",53,"Animateur(rice) Formation",Formation,2015-07-07,CDD,31207
533,"Andre","Thomas",54,"Conseiller(e) Beaute",Vente,2022-10-07,CDD,29309
534,"Francois","Margaux",54,"Directeur(rice) Magasin",Direction,2012-05-06,CDI,62556
535,"Simon","Alexandre",54,"Conseiller(e) Beaute",Vente,2016-12-05,CDI,23184
536,"Thomas","Alexandre",54,"Chef de Rayon",Management,2019-03-23,CDD,39118
537,"Legrand","Anais",54,"Stockiste",Logistique,2022-11-08,CDD,23892
538,"Girard","Florian",55,"Chef de Rayon",Management,2012-05-22,CDI,32271
539,"Andre","Maxime",55,"Conseiller(e) Beaute",Vente,2022-03-11,CDI,23380
540,"Lambert","Nicolas",55,"Stockiste",Logistique,2022-09-26,CDD,28410
541,"Moreau","Nathan",55,"Chef de Rayon",Management,2021-06-22,CDI,34030
542,"Roux","Kevin",55,"Caissier(e)",Caisse,2023-02-24,CDD,24593
543,"Laurent","Oceane",55,"Conseiller(e) Beaute",Vente,2010-01-27,CDI,27468
544,"Legrand","Julien",55,"Caissier(e)",Caisse,2023-10-23,CDI,29884
545,"David","Florian",56,"Directeur(rice) Magasin",Direction,2010-03-21,Stage,12490
546,"Leroy","Agathe",56,"Conseiller(e) Beaute",Vente,2010-02-10,Stage,12582
547,"Girard","Mathieu",56,"Stockiste",Logistique,2020-11-20,CDI,24173
548,"Fournier","Emma",56,"Caissier(e)",Caisse,2010-07-18,CDI,29293
549,"Laurent","Amandine",56,"Conseiller(e) Beaute",Vente,2013-09-26,CDI,29489
550,"Roux","Sarah",56,"Animateur(rice) Formation",Formation,2020-12-27,Stage,12610
551,"Martin","Chloe",56,"Conseiller(e) Beaute",Vente,2021-07-28,CDI,27742
552,"Girard","Pauline",56,"Caissier(e)",Caisse,2013-08-20,CDI,28057
553,"Legrand","Romain",56,"Chef de Rayon",Management,2021-12-21,CDI,34188
554,"Francois","Camille",56,"Caissier(e)",Caisse,2017-03-27,CDD,28286
555,"Simon","Pierre",56,"Caissier(e)",Caisse,2018-01-07,CDD,26625
556,"Dubois","Romain",56,"Conseiller(e) Beaute",Vente,2010-11-07,CDD,25988
557,"Andre","Dylan",56,"Caissier(e)",Caisse,2012-12-16,CDI,28439
558,"Legrand","Nathan",57,"Caissier(e)",Caisse,2023-04-17,Stage,13539
559,"Bonnet","Charlotte",57,"Conseiller(e) Beaute",Vente,2017-12-12,CDI,28503
560,"Roux","Nicolas",57,"Assistant(e) RH",RH,2024-11-08,CDI,33575
561,"Richard","Emma",57,"Chef de Rayon",Management,2024-07-02,CDI,36206
562,"David","Jade",57,"Stockiste",Logistique,2014-01-16,Alternance,15752
563,"Francois","Clara",57,"Assistant(e) RH",RH,2014-12-22,CDI,28377
564,"Dupont","Kevin",57,"Conseiller(e) Beaute",Vente,2021-05-07,CDI,25143
565,"Lefebvre","Romain",57,"Conseiller(e) Beaute",Vente,2017-04-23,CDI,27260
566,"Leroy","Nathan",57,"Chef de Rayon",Management,2023-04-19,CDI,38674
567,"David","Antoine",57,"Chef de Rayon",Management,2016-02-09,Alternance,18000
568,"Mercier","Romain",57,"Animateur(rice) Formation",Formation,2016-11-19,CDI,36388
569,"Bonnet","Amandine",57,"Chef de Rayon",Management,2020-09-24,CDD,34616
570,"Martinez","Camille",58,"Chef de Rayon",Management,2024-09-24,CDI,33585
571,"Bertrand","Sarah",58,"Conseiller(e) Beaute",Vente,2023-08-28,CDI,29643
572,"Martinez","Florian",58,"Visual Merchandiser",Marketing,2023-11-10,CDI,29112
573,"Simon","Alexandre",58,"Conseiller(e) Beaute",Vente,2017-08-19,Alternance,15110
574,"Lefebvre","Lea",58,"Responsable Magasin",Direction,2014-06-08,CDD,35787
575,"Fournier","Maxime",58,"Visual Merchandiser",Marketing,2016-12-09,Stage,13039
576,"Legrand","Pauline",58,"Assistant(e) RH",RH,2022-06-01,CDI,29602
577,"Mercier","Maxime",58,"Animateur(rice) Formation",Formation,2016-04-10,CDI,30988
578,"Lefebvre","Emma",58,"Caissier(e)",Caisse,2020-06-11,Alternance,14283
579,"Bertrand","Dylan",58,"Conseiller(e) Beaute",Vente,2015-06-02,CDI,24969
580,"Fournier","Jade",58,"Directeur(rice) Magasin",Direction,2011-04-27,CDI,48664
581,"Martinez","Julie",58,"Animateur(rice) Formation",Formation,2022-12-16,Alternance,13367
582,"Bertrand","Pierre",59,"Stockiste",Logistique,2021-08-22,CDI,28499
583,"Bernard","Manon",59,"Responsable Magasin",Direction,2017-08-23,CDI,46048
584,"Garcia","Kevin",59,"Directeur(rice) Magasin",Direction,2015-03-23,Stage,8893
585,"Vincent","Manon",59,"Stockiste",Logistique,2018-11-05,CDI,24807
586,"Mercier","Louis",59,"Conseiller(e) Beaute",Vente,2020-07-06,CDD,28264
587,"Lefebvre","Clara",59,"Stockiste",Logistique,2013-04-16,Stage,8451
588,"Durand","Alexandre",59,"Animateur(rice) Formation",Formation,2016-01-16,CDI,33714
589,"Martinez","Julien",60,"Conseiller(e) Beaute",Vente,2013-11-20,CDD,29081
590,"Francois","Mathieu",60,"Directeur(rice) Magasin",Direction,2018-07-05,Stage,13641
591,"Martinez","Charlotte",60,"Visual Merchandiser",Marketing,2021-09-23,CDD,26823
592,"David","Lucas",60,"Stockiste",Logistique,2018-05-13,CDI,29455
593,"David","Hugo",60,"Assistant(e) RH",RH,2024-05-09,CDI,32593
594,"Moreau","Manon",60,"Conseiller(e) Beaute",Vente,2015-04-03,CDD,25829
595,"David","Camille",60,"Conseiller(e) Beaute",Vente,2020-06-10,CDI,28105
596,"Bonnet","Chloe",60,"Conseiller(e) Beaute",Vente,2015-04-09,CDI,21520
597,"Petit","Nathan",60,"Chef de Rayon",Management,2011-06-09,CDD,33849
598,"Leroy","Chloe",60,"Conseiller(e) Beaute",Vente,2014-07-01,CDI,22472
599,"Durand","Pierre",60,"Responsable Magasin",Direction,2010-04-03,CDI,40885
600,"Mercier","Emma",60,"Conseiller(e) Beaute",Vente,2016-04-01,Stage,11684
601,"Francois","Baptiste",60,"Stockiste",Logistique,2018-05-01,CDI,26126
602,"Fournier","Julien",60,"Directeur(rice) Magasin",Direction,2015-06-05,CDD,61052
603,"Moreau","Marie",60,"Responsable Magasin",Direction,2018-06-13,CDD,41552
604,"Legrand","Adrien",61,"Animateur(rice) Formation",Formation,2018-03-06,Alternance,12143
605,"Bertrand","Amandine",61,"Animateur(rice) Formation",Formation,2021-04-24,CDD,28877
606,"Lefebvre","Romain",61,"Caissier(e)",Caisse,2023-06-03,CDI,25626
607,"Fournier","Amandine",61,"Stockiste",Logistique,2012-10-13,CDI,22339
608,"Martinez","Nicolas",61,"Stockiste",Logistique,2012-04-13,CDI,21044
609,"Girard","Florian",61,"Conseiller(e) Beaute",Vente,2011-06-15,Alternance,16745
610,"Leroy","Hugo",61,"Stockiste",Logistique,2022-12-14,CDI,29636
611,"Thomas","Clara",61,"Chef de Rayon",Management,2011-01-25,CDI,39406
612,"Vincent","Clara",61,"Directeur(rice) Magasin",Direction,2018-01-01,Stage,10800
613,"Leroy","Mathieu",61,"Directeur(rice) Magasin",Direction,2023-06-12,CDI,52573
614,"Francois","Lea",61,"Chef de Rayon",Management,2019-11-10,CDI,37880
615,"Francois","Marie",61,"Assistant(e) RH",RH,2016-08-20,CDI,33759
616,"Lambert","Clara",61,"Caissier(e)",Caisse,2010-02-26,CDI,23465
617,"Dupont","Romain",62,"Assistant(e) RH",RH,2018-10-20,CDI,28069
618,"Morel","Manon",62,"Conseiller(e) Beaute",Vente,2022-09-03,CDI,27204
619,"Durand","Jade",62,"Assistant(e) RH",RH,2020-04-16,Alternance,12625
620,"Fournier","Manon",62,"Stockiste",Logistique,2014-02-11,CDI,21851
621,"Dubois","Lola",62,"Chef de Rayon",Management,2022-09-28,CDI,36006
622,"Francois","Louis",62,"Conseiller(e) Beaute",Vente,2016-10-02,CDI,22299
623,"Garcia","Julien",62,"Conseiller(e) Beaute",Vente,2018-10-10,CDI,27130
624,"Martin","Baptiste",62,"Conseiller(e) Beaute",Vente,2024-12-25,CDI,27182
625,"Legrand","Quentin",63,"Assistant(e) RH",RH,2016-08-18,CDI,27533
626,"Michel","Amandine",63,"Responsable Magasin",Direction,2021-08-08,CDI,44506
627,"Dupont","Julien",63,"Conseiller(e) Beaute",Vente,2014-05-05,CDD,28823
628,"Dubois","Hugo",63,"Conseiller(e) Beaute",Vente,2013-01-27,CDI,22229
629,"Andre","Oceane",63,"Caissier(e)",Caisse,2023-09-13,CDD,24260
630,"Bonnet","Thomas",63,"Conseiller(e) Beaute",Vente,2016-04-11,CDD,22063
631,"Morel","Kevin",64,"Visual Merchandiser",Marketing,2018-04-11,CDI,36256
632,"Lambert","Manon",64,"Caissier(e)",Caisse,2022-09-05,Alternance,13444
633,"Lambert","Julien",64,"Conseiller(e) Beaute",Vente,2023-06-28,Alternance,13820
634,"David","Julien",64,"Conseiller(e) Beaute",Vente,2023-07-26,CDI,23646
635,"Dupont","Kevin",64,"Caissier(e)",Caisse,2014-11-13,CDI,26580
636,"Robert","Lola",64,"Responsable Magasin",Direction,2011-01-10,CDI,44163
637,"Bertrand","Alexandre",64,"Visual Merchandiser",Marketing,2015-09-16,CDI,30299
638,"David","Romain",64,"Conseiller(e) Beaute",Vente,2023-05-20,Alternance,15836
639,"Garcia","Laura",65,"Assistant(e) RH",RH,2018-06-14,CDD,31043
640,"Roux","Nathan",65,"Conseiller(e) Beaute",Vente,2016-05-05,CDI,29304
641,"Petit","Baptiste",65,"Visual Merchandiser",Marketing,2022-04-03,CDD,29233
642,"Lambert","Quentin",65,"Chef de Rayon",Management,2021-09-09,Alternance,15912
643,"Lambert","Baptiste",65,"Chef de Rayon",Management,2013-06-26,CDI,38622
644,"Andre","Pauline",65,"Chef de Rayon",Management,2013-01-28,CDI,38821
645,"Girard","Dylan",65,"Assistant(e) RH",RH,2012-08-02,Stage,10661
646,"Mercier","Alexandre",65,"Caissier(e)",Caisse,2015-06-25,CDI,24811
647,"Fournier","Charlotte",66,"Directeur(rice) Magasin",Direction,2017-07-09,CDI,52697
648,"Girard","Lucas",66,"Animateur(rice) Formation",Formation,2018-09-08,CDD,34174
649,"Simon","Alexandre",66,"Animateur(rice) Formation",Formation,2013-06-14,CDI,37027
650,"Roux","Margaux",66,"Stockiste",Logistique,2015-01-10,Alternance,16121
651,"Morel","Oceane",66,"Chef de Rayon",Management,2022-07-24,Stage,8133
652,"Francois","Maxime",67,"Conseiller(e) Beaute",Vente,2016-12-05,CDI,26417
653,"Andre","Pierre",67,"Assistant(e) RH",RH,2019-01-06,CDD,36140
654,"Fournier","Vincent",67,"Animateur(rice) Formation",Formation,2023-10-07,Stage,12541
655,"Morel","Oceane",67,"Stockiste",Logistique,2011-11-20,CDD,27020
656,"Petit","Julie",67,"Directeur(rice) Magasin",Direction,2014-01-26,CDD,45334
657,"Bertrand","Dylan",67,"Stockiste",Logistique,2010-10-04,Alternance,16007
658,"Moreau","Mathieu",67,"Assistant(e) RH",RH,2024-12-10,CDD,32333
659,"Fournier","Lucas",67,"Conseiller(e) Beaute",Vente,2012-12-15,CDD,26715
660,"Legrand","Quentin",67,"Conseiller(e) Beaute",Vente,2011-05-24,Alternance,17986
661,"Durand","Nicolas",67,"Caissier(e)",Caisse,2019-10-26,CDI,22147
662,"Petit","Lea",67,"Animateur(rice) Formation",Formation,2011-05-27,CDI,30177
663,"Dubois","Lola",67,"Caissier(e)",Caisse,2024-02-16,CDI,25812
664,"Robert","Anais",67,"Chef de Rayon",Management,2011-06-15,CDI,36679
665,"Thomas","Manon",67,"Chef de Rayon",Management,2021-09-03,CDI,39318
666,"Bertrand","Adrien",67,"Conseiller(e) Beaute",Vente,2019-09-01,CDD,26768
667,"Andre","Amandine",68,"Directeur(rice) Magasin",Direction,2010-12-18,CDI,50613
668,"Martinez","Laura",68,"Stockiste",Logistique,2010-10-23,Stage,10249
669,"Bernard","Nicolas",68,"Responsable Magasin",Direction,2023-10-17,CDI,39579
670,"Bertrand","Ines",68,"Caissier(e)",Caisse,2010-09-10,CDI,21724
671,"Moreau","Lucas",68,"Caissier(e)",Caisse,2020-07-05,Alternance,12269
672,"Thomas","Louis",68,"Assistant(e) RH",RH,2011-09-03,Alternance,14993
673,"Michel","Anais",68,"Directeur(rice) Magasin",Direction,2010-09-12,CDI,61790
674,"Legrand","Clara",68,"Responsable Magasin",Direction,2021-05-19,CDD,46574
675,"Thomas","Marie",68,"Conseiller(e) Beaute",Vente,2019-06-27,CDI,29520
676,"Legrand","Charlotte",68,"Assistant(e) RH",RH,2010-03-09,CDI,29239
677,"Fournier","Adrien",68,"Responsable Magasin",Direction,2010-04-08,Stage,10794
678,"Martin","Anais",68,"Caissier(e)",Caisse,2012-05-16,CDI,24522
679,"Garcia","Julie",68,"Conseiller(e) Beaute",Vente,2016-04-12,CDI,24919
680,"Martin","Maxime",68,"Conseiller(e) Beaute",Vente,2016-08-11,Alternance,15122
681,"Bernard","Florian",69,"Chef de Rayon",Management,2018-12-27,CDD,33478
682,"Richard","Nathan",69,"Chef de Rayon",Management,2021-05-04,Stage,10092
683,"Girard","Quentin",69,"Caissier(e)",Caisse,2019-01-09,CDI,21085
684,"Bernard","Mathieu",69,"Directeur(rice) Magasin",Direction,2022-07-21,CDD,52466
685,"Dubois","Margaux",69,"Animateur(rice) Formation",Formation,2020-03-18,CDI,29529
686,"Bonnet","Agathe",69,"Conseiller(e) Beaute",Vente,2020-10-16,Alternance,13143
687,"Roux","Hugo",69,"Conseiller(e) Beaute",Vente,2022-12-04,Stage,11816
688,"Moreau","Florian",69,"Conseiller(e) Beaute",Vente,2013-06-28,Alternance,16619
689,"Simon","Manon",69,"Stockiste",Logistique,2016-05-21,CDI,29726
690,"Martinez","Anais",69,"Conseiller(e) Beaute",Vente,2016-07-06,CDD,27136
691,"Robert","Julie",69,"Stockiste",Logistique,2018-05-13,CDI,25156
692,"Durand","Lola",70,"Chef de Rayon",Management,2016-07-27,CDD,32621
693,"Bernard","Marie",70,"Conseiller(e) Beaute",Vente,2024-03-03,CDD,25131
694,"Simon","Lea",70,"Visual Merchandiser",Marketing,2022-01-23,CDI,27856
695,"Simon","Oceane",70,"Animateur(rice) Formation",Formation,2018-12-01,CDI,33551
696,"Girard","Laura",70,"Chef de Rayon",Management,2014-03-06,CDD,37169
697,"Andre","Emma",70,"Assistant(e) RH",RH,2010-05-08,CDI,26616
698,"David","Camille",70,"Conseiller(e) Beaute",Vente,2016-04-13,CDD,21553
699,"Vincent","Chloe",70,"Conseiller(e) Beaute",Vente,2022-01-10,CDD,29451
700,"Laurent","Kevin",70,"Conseiller(e) Beaute",Vente,2012-07-24,CDD,28755
701,"Durand","Amandine",70,"Conseiller(e) Beaute",Vente,2024-09-02,CDD,21710
702,"Martinez","Romain",70,"Animateur(rice) Formation",Formation,2019-06-04,CDI,30174
703,"Bertrand","Agathe",70,"Conseiller(e) Beaute",Vente,2010-10-24,CDI,29289
704,"Petit","Nathan",70,"Assistant(e) RH",RH,2022-02-06,CDI,37300
705,"Andre","Emma",71,"Responsable Magasin",Direction,2024-07-13,CDD,40702
706,"Fournier","Amandine",71,"Conseiller(e) Beaute",Vente,2021-11-12,CDI,26298
707,"Leroy","Maxime",71,"Animateur(rice) Formation",Formation,2016-05-21,Stage,11797
708,"Morel","Emma",71,"Conseiller(e) Beaute",Vente,2024-03-22,CDI,27009
709,"Girard","Sarah",71,"Chef de Rayon",Management,2024-01-15,CDI,30811
710,"Girard","Quentin",71,"Chef de Rayon",Management,2019-01-26,CDD,30394
711,"Dubois","Oceane",71,"Responsable Magasin",Direction,2022-01-02,Stage,11971
712,"Lefebvre","Nicolas",71,"Responsable Magasin",Direction,2022-09-03,CDD,37066
713,"Dupont","Adrien",71,"Conseiller(e) Beaute",Vente,2013-07-18,CDI,30000
714,"Dubois","Julie",71,"Directeur(rice) Magasin",Direction,2018-04-27,CDI,58215
715,"Fournier","Pauline",71,"Caissier(e)",Caisse,2021-06-08,CDI,29162
716,"Francois","Lucas",71,"Stockiste",Logistique,2014-08-18,CDI,24346
717,"Bernard","Maxime",71,"Conseiller(e) Beaute",Vente,2022-07-16,CDI,29593
718,"Vincent","Camille",71,"Assistant(e) RH",RH,2024-08-25,CDD,33279
719,"Simon","Clara",71,"Stockiste",Logistique,2014-04-23,CDI,21458
720,"Moreau","Florian",72,"Conseiller(e) Beaute",Vente,2018-07-26,Stage,13672
721,"Dubois","Mathieu",72,"Chef de Rayon",Management,2024-07-27,CDD,34475
722,"Vincent","Florian",72,"Chef de Rayon",Management,2019-07-26,CDI,33250
723,"Lambert","Agathe",72,"Responsable Magasin",Direction,2018-04-22,CDI,41500
724,"Martinez","Manon",72,"Conseiller(e) Beaute",Vente,2013-08-07,CDI,27355
725,"Simon","Hugo",72,"Conseiller(e) Beaute",Vente,2019-05-05,CDD,27798
726,"Roux","Lea",72,"Conseiller(e) Beaute",Vente,2015-08-08,CDD,25738
727,"Simon","Clara",72,"Chef de Rayon",Management,2017-05-16,CDD,39818
728,"David","Pauline",72,"Conseiller(e) Beaute",Vente,2011-11-21,CDD,27943
729,"Bernard","Nicolas",72,"Stockiste",Logistique,2020-12-09,Alternance,15992
730,"Petit","Margaux",72,"Stockiste",Logistique,2015-01-06,CDD,22932
731,"Mercier","Pierre",73,"Directeur(rice) Magasin",Direction,2023-01-04,CDI,57533
732,"Morel","Sarah",73,"Visual Merchandiser",Marketing,2023-02-22,CDI,36004
733,"Martin","Pauline",73,"Animateur(rice) Formation",Formation,2016-06-04,CDI,36235
734,"Petit","Pauline",73,"Responsable Magasin",Direction,2014-04-23,CDI,42333
735,"Morel","Julien",73,"Visual Merchandiser",Marketing,2022-02-03,CDI,31921
736,"Michel","Florian",73,"Directeur(rice) Magasin",Direction,2018-03-21,CDI,48564
737,"Robert","Hugo",73,"Caissier(e)",Caisse,2019-06-04,CDI,29864
738,"Simon","Julie",73,"Responsable Magasin",Direction,2020-02-03,CDD,38653
739,"Francois","Julie",73,"Chef de Rayon",Management,2022-05-15,CDD,33320
740,"Mercier","Romain",73,"Caissier(e)",Caisse,2017-01-16,CDD,23570
741,"Martin","Mathieu",73,"Conseiller(e) Beaute",Vente,2021-08-27,CDI,22214
742,"Laurent","Thomas",74,"Conseiller(e) Beaute",Vente,2022-04-24,CDI,26076
743,"Thomas","Julien",74,"Animateur(rice) Formation",Formation,2018-06-27,CDI,27797
744,"Robert","Kevin",74,"Visual Merchandiser",Marketing,2017-02-19,CDI,36736
745,"Francois","Anais",74,"Caissier(e)",Caisse,2018-09-18,CDI,27386
746,"Vincent","Emma",74,"Stockiste",Logistique,2020-06-08,CDI,28528
747,"Vincent","Florian",74,"Conseiller(e) Beaute",Vente,2015-11-07,Alternance,14644
748,"Simon","Alexandre",74,"Stockiste",Logistique,2012-10-07,Alternance,15787
749,"Thomas","Vincent",74,"Stockiste",Logistique,2011-07-13,CDD,28323
750,"Vincent","Amandine",74,"Chef de Rayon",Management,2011-09-06,Alternance,17794
751,"Richard","Dylan",74,"Chef de Rayon",Management,2018-06-11,CDI,37490
752,"Robert","Lola",75,"Caissier(e)",Caisse,2013-06-09,CDI,25283
753,"Laurent","Louis",75,"Conseiller(e) Beaute",Vente,2013-06-21,CDI,29640
754,"Garcia","Emma",75,"Chef de Rayon",Management,2021-03-07,CDI,32130
755,"Leroy","Sarah",75,"Conseiller(e) Beaute",Vente,2014-01-11,CDD,28957
756,"Lefebvre","Dylan",75,"Stockiste",Logistique,2024-06-19,Alternance,15842
757,"Roux","Pierre",75,"Directeur(rice) Magasin",Direction,2016-08-08,Stage,13011
758,"Andre","Maxime",75,"Stockiste",Logistique,2019-05-26,CDI,23620
759,"Martinez","Charlotte",75,"Assistant(e) RH",RH,2020-11-08,CDI,35725
760,"Bertrand","Quentin",76,"Visual Merchandiser",Marketing,2010-02-23,CDD,37213
761,"Martin","Marie",76,"Conseiller(e) Beaute",Vente,2013-01-15,CDI,23893
762,"Francois","Amandine",76,"Stockiste",Logistique,2016-10-20,CDI,25500
763,"Simon","Antoine",76,"Assistant(e) RH",RH,2019-07-20,CDI,30247
764,"Legrand","Nicolas",76,"Stockiste",Logistique,2015-04-24,CDI,22038
765,"Laurent","Thomas",76,"Assistant(e) RH",RH,2011-01-16,CDI,30365
766,"Martinez","Camille",76,"Responsable Magasin",Direction,2012-10-19,CDI,43599
767,"Laurent","Quentin",76,"Chef de Rayon",Management,2021-11-15,Stage,9966
768,"Simon","Anais",77,"Animateur(rice) Formation",Formation,2015-07-25,CDI,33254
769,"Martinez","Antoine",77,"Directeur(rice) Magasin",Direction,2024-09-10,CDI,58569
770,"Thomas","Quentin",77,"Responsable Magasin",Direction,2022-08-25,CDI,39400
771,"Michel","Chloe",77,"Assistant(e) RH",RH,2016-12-20,CDI,30779
772,"Girard","Maxime",77,"Assistant(e) RH",RH,2019-10-03,CDI,35892
773,"Andre","Adrien",77,"Caissier(e)",Caisse,2014-11-27,CDI,24933
774,"Morel","Baptiste",77,"Animateur(rice) Formation",Formation,2016-05-27,CDD,37272
775,"Bonnet","Camille",77,"Stockiste",Logistique,2018-08-06,CDD,22842
776,"Fournier","Hugo",77,"Conseiller(e) Beaute",Vente,2018-07-04,Stage,13409
777,"Moreau","Pierre",78,"Responsable Magasin",Direction,2022-05-27,Stage,8268
778,"Martinez","Quentin",78,"Conseiller(e) Beaute",Vente,2021-12-01,CDD,23350
779,"Mercier","Manon",78,"Stockiste",Logistique,2020-02-15,CDD,21624
780,"Legrand","Adrien",78,"Assistant(e) RH",RH,2021-11-20,CDI,31891
781,"Fournier","Agathe",78,"Caissier(e)",Caisse,2016-11-28,Stage,13646
782,"Durand","Pierre",78,"Conseiller(e) Beaute",Vente,2011-01-17,Stage,12939
783,"Moreau","Marie",78,"Conseiller(e) Beaute",Vente,2012-01-27,CDD,23252
784,"Andre","Romain",78,"Caissier(e)",Caisse,2023-12-10,CDD,24178
785,"Bernard","Nathan",78,"Animateur(rice) Formation",Formation,2018-09-12,CDD,32041
786,"Simon","Adrien",78,"Visual Merchandiser",Marketing,2016-03-11,CDD,30910
787,"Lambert","Charlotte",78,"Directeur(rice) Magasin",Direction,2017-10-16,CDI,44153
788,"David","Alexandre",78,"Assistant(e) RH",RH,2017-06-07,CDI,27439
789,"Vincent","Jade",79,"Visual Merchandiser",Marketing,2018-01-26,CDI,29011
790,"Thomas","Adrien",79,"Chef de Rayon",Management,2017-07-10,CDD,36356
791,"Andre","Mathieu",79,"Chef de Rayon",Management,2010-09-27,CDI,36754
792,"Francois","Lola",79,"Conseiller(e) Beaute",Vente,2022-08-12,CDI,28590
793,"Laurent","Charlotte",79,"Chef de Rayon",Management,2018-02-24,CDI,37766
794,"Dubois","Nicolas",79,"Chef de Rayon",Management,2022-04-01,CDD,30072
795,"Lambert","Alexandre",79,"Stockiste",Logistique,2014-04-10,CDI,24295
796,"Mercier","Nathan",79,"Stockiste",Logistique,2016-03-25,CDD,28942
797,"Legrand","Agathe",79,"Assistant(e) RH",RH,2014-11-22,CDI,35031
798,"Richard","Nicolas",79,"Chef de Rayon",Management,2018-05-24,CDI,35000
799,"Simon","Adrien",79,"Chef de Rayon",Management,2020-01-08,Stage,11491
800,"Michel","Clara",79,"Chef de Rayon",Management,2020-05-20,Alternance,17177
801,"Mercier","Quentin",79,"Assistant(e) RH",RH,2021-05-13,CDI,30473
802,"Laurent","Romain",79,"Assistant(e) RH",RH,2023-08-12,CDD,33573
803,"Morel","Pierre",80,"Stockiste",Logistique,2022-09-20,Alternance,13943
804,"Petit","Lola",80,"Directeur(rice) Magasin",Direction,2013-05-25,CDI,57632
805,"Morel","Chloe",80,"Conseiller(e) Beaute",Vente,2010-12-23,Stage,8685
806,"Richard","Emma",80,"Animateur(rice) Formation",Formation,2015-11-11,Stage,8484
807,"Vincent","Lucas",80,"Conseiller(e) Beaute",Vente,2023-06-14,CDI,22291
808,"Martin","Laura",80,"Caissier(e)",Caisse,2023-07-15,CDI,21317
809,"Lambert","Marie",80,"Chef de Rayon",Management,2023-02-04,Alternance,13238